별점, 내용, 날짜, 좋아요, 싫어요
7, '기대보다는 스토리가 큰 감흥은 없습니다연기는 잔잔하게 볼 만 합니다', '2021.03.03', 798, 251
6, '약간 지루하고 결말이 아쉬워요.', '2021.03.03', 876, 355
8, '울리지 않아서 더 좋았어요.', '2021.03.03', 510, 75
10, '메시지는 차치하고 감각적으로(시각 청각) 황홀했다. 영화는 가능하고 소설은 불가능한 것. 영화는 도달할 수 있고 소설은 도달할 수 없는 것. 영화는 체험시킬 수 있고 소설은 체험시킬 수 없는 것. 더 확장하면...', '2021.03.03', 888, 510
10, '개봉일을 기다려 모처럼 팔순의 친정어머니와 롯데 시네마에서 보았어요. 잔잔한 시냇물이 흐르는 계곡에 미나리 밭을 일구는 우리들의 어머니 또는 할머니의 강인한 생존력이란! 대지의 후손들이라면 누구나 배꼽 아래 단전으...', '2021.03.03', 477, 105
8, '음악이 잔잔하고 데이빗 넘 귀엽습니다', '2021.03.03', 429, 67
8, '잔잔한 영화생각보다 큰 감동은 아니었다.기대가 컸나?', '2021.03.03', 435, 131
10, '하....  이것이 제 심사평입니다. 이런 게 바로 영화 아니겠습니다. 오늘 하루 하.. 할듯..', '2021.03.03', 459, 218
8, '보고나니 아름다기도 하고 먹먹하네요.', '2021.03.03', 296, 74
8, '어려운 시대를 담담히 풀어나갔거 같습니다.', '2021.03.03', 252, 69
10, '이 영화자체가 미나리같다. 그리고 이 영화에 나오는 인물들도 미나리같다. 특별하고 화려하진 않지만 강인하고  자꾸 머릿속에 이 가족의 현재와 미래가 궁금해지고 응원하게 된다.그들의 모습속에서 가장으로써의 모습 어머...', '2021.03.03', 146, 33
10, '평양냉면 같은 영화. 막상 기대했다가 보면 이게뭐야? 할지도 모르지만 극장을 나선 뒤에도 잔잔하게 울림을 주는 영화', '2021.03.05', 145, 33
10, '너무나도 평범해서 아름답다', '2021.03.04', 136, 25
1, '모르겠네요..영화가 끝나고나서 고개만 기웃..이게뭐지?그닥 큰내용도 없고  영상미도 없고  ..여튼 전별로였네요', '2021.03.25', 137, 26
7, '내국인의 공감을 얻기에는 많이 부족한 스토리텔링이 아쉽네요. 개인의 다큐멘터리 정도로 본다면 그럭저럭 납득할만합니다. 배우들 개개인의 연기 특히 윌패튼의 연기가 좋았으나 감독이 하고 싶은말이 너무 많았던 나머지 어...', '2021.03.05', 148, 37
1, '이게.. 감동이라는..?도데체 왜?', '2021.03.13', 152, 41
6, '롸...? 난 또 미나리 키워서 대박이라도 나는 줄...', '2021.03.07', 170, 59
6, '언론플레이에 당했다는느낌. 그냥 잔잔한 독립영화. 기대가 너무컷나? 스토리와 플롯이 엉성하다. 계속 뭔가 나오겠지 나오겠지 하다 끝남', '2021.03.05', 176, 65
6, '많이 기대하며 봤는데~~ 공감대가 없었는지 해석이 부족했는지뭔가 끝내 터지지않는 마무리가 아쉬웠음~~', '2021.03.04', 142, 32
5, '영화를 보았으나 본 것 같지 않다.', '2021.03.06', 146, 36
6, '좀지루하고 결말이 너무 허무해요', '2021.03.06', 159, 49
6, '도데체 무슨내용인지 알수가 없음..ㅜㅜ 제가 머리가 나쁜거겟죠...', '2021.03.04', 177, 67
4, '솔직히 크게 연기력을 극찬할만한 영화는 아닌듯 그정도로 연기할만한 배우도 여러명 생각날 정도로 크게 감동할만한 연기력은 아니었음 스토리도 잔잔한건 각오하고 봤지만 딱히 감동으로 다가온것도 없었고..막내 데이빗은 참 ...', '2021.03.06', 181, 71
4, '실망이 컸던 영화. 명성에 못 미침', '2021.03.06', 183, 73
2, '기대에  다소  미치지 못함이 있었던듯 하다어   ~   이케 끝났어  하는 느낌 뭐지', '2021.03.03', 203, 93
10, '스포일러가 포함된 감상평입니다. 감상평 보기', '2021.03.05', 133, 24
6, '부모님의 높아지는 언성에 숨어서 마음 졸였던 아이 축축한 이불에 몰래 흔적을 지웠던 아침 그저 풀 위를 달리고 싶었던 순수했던 마음 그리고 그 때는 보이지 않았던 아버지의 삶의 무게까지. 잔잔하지만 재치있고 ...', '2021.03.03', 178, 69
7, '지루함의 미학 어떤 주제의식을 전달하는지 이해 못했다.', '2021.03.08', 128, 21
2, '뭔가 이야기가 진행되다가 갑자기 중단된 느낌을 조금 받았습니다.', '2021.03.07', 190, 84
4, '재미없음니다  정말로요', '2021.03.03', 189, 84
6, '작품의 만족도가 많이 부족하다', '2021.03.04', 153, 51
2, '그냥 좀 별로너무 기대하심 안대요', '2021.03.06', 184, 88
3, '장난하나. 나만 당할 수 없지 다들 보새오!', '2021.03.07', 153, 62
10, '너무 기대하고 어머니랑 영화를 보러 가서인지사실실망이 좀 컸습니다.. 외국에서 상을 받을 정도인가 라는 생각을 하게되더라구요. 내용구성이나 배우들 연기면에서 너무 아쉬웠습니다. 작품 연출이 너무 아쉽네요.. 휼륭하신...', '2021.03.03', 114, 24
6, '데이비사  (영화 넘 여운있고 먹먹하네요. 영화보며 이런 감정은 처음입니다)', '2021.03.03', 124, 38
6, '감동적이지만 영화를 보기 전에 기대를 너무 크게했었나 봅니다. 영화가 끝나도 뭔가 더 나와주면 좋았겠다는 니낌?', '2021.03.03', 125, 39
10, '마무리가 비교적 약했음', '2021.03.03', 118, 34
8, '흐르는 강물 영화가 생각나는 잔잔함과 가족애로 감동을 주는 영화였습니다.  ‘할머니가 자리를 잘 잡으셨네’ 엔딩의 대사는 여운이 남습니다.  미나리가 연약해 보이지만 바람결에 흔들리면서 보이는 장면은 한국 정서가 함...', '2021.03.03', 102, 19
6, '희망이 사라져도 희망은 있다', '2021.03.07', 100, 22
4, '뭐 그냥 그랬다... 기대치에는 못 미침', '2021.03.12', 98, 22
10, '기대가 높았나보다. 연출 스토리 모두 기대이하다.', '2021.03.13', 77, 15
4, '표면적 주제인 이민을 떠나서 인생을 살아본 사람이라면 격하게 감정이 몰입되어 펑펑 울게될 것이다. 남자의 내면과 여자의 내면과 할머니의 내면과 손자손녀의 내면이 각자 정당성을 가지고 어떻게 갈등국면을 돌파하는지를 ...', '2021.03.25', 88, 26
6, '과대평가된 영화.연기도 스토리도 그닥', '2021.03.07', 80, 20
6, '별느낌이 없어요. 그냥 이민자의 개척적인 삶을 조금보여준것같아요. 크게 재미도 흥미진진함도 없었구 윤여정의특별한 연기력도 걍 그저그런 느낌입니다. 조금 졸리기도 했고... 옛날에 봤던 전원일기를 조금 늘려놓은 느낌이...', '2021.03.07', 77, 19
8, '기대보다는 좀.. 영화관에서 보긴 아쉽네요', '2021.03.04', 82, 25
10, '알수없는 눈물이. 영화를 계속 곱씹어보게된다. 알것도 같고 모를 것도 같은 감정들이다.', '2021.03.03', 94, 37
10, 'To all grandmas 엔딩 크레딧이 올라올때 흑 들어오는 감동이 있습니다. 정이삭 감독 자전적인 이야기라 리얼리티가 살아있는데다 윤여정 배우의 넋이 나간 연기가 너무 좋았습니다', '2021.03.04', 83, 27
9, '질긴 생명력과 적응력으로 어디서든 잘 자라는 미나리처럼우리도 그렇게.  원더풀 원더풀 미나리.', '2021.03.05', 85, 31
2, '신파로 빠질 수도 있는 내용을 담백하게 그려낸 연출 배우들의 빼어난 연기. 1년 만에 극장 나들이 한 보람이 있었다.', '2021.03.21', 54, 5
2, '잘모르겠다 미국정서에 어울리는 듯', '2021.03.22', 63, 19
6, 'ㅎ....뭐지 도대체 내가 뭘 본걸까요', '2021.03.08', 63, 20
4, '영화를 보기전에 수많은 매체와 영화제등에서의 수상 등 여러가지로 기대가 컸었다.그러나 기대가 너무 큰 탓이었을까?잔잔하기는 하나 전체적으로 뭘 말하고 싶은지 뒤죽박죽된 그런 영화.80년대 미국이민자 가족의 어려움을 ...', '2021.03.14', 70, 28
10, '노감동노재미 입니다  ㅠㅠ', '2021.03.03', 60, 20
10, '잔잔하게 덤덤한 표정과 감정섞인 눈빛으로 이야기를 들어주는 사람 같다별거 안했는데 앞에 있는 날 울려버린다그렇다고 집가는 버스에서 운건 아니지만음 안 운 것도 아니다아빠 그리고 엄마 우리 가족 그리고 나 모두가 떠올...', '2021.03.09', 45, 6
10, '인생이란 그런 거지 잘 될 줄 알았던 일이 꼬이고안 될 줄 알았던 일이 풀리고.그 과정을 함께해 준 이들이 있어내 인생을 폐기하지 않을 수 있었던 거겠지', '2021.03.04', 56, 17
8, '가장 개인적인 이야기를 꽤 보편적인 형식에 담은 영화인 것 같다.', '2021.03.03', 51, 13
2, '스포일러가 포함된 감상평입니다. 감상평 보기', '2021.03.06', 81, 43
10, '영화가 아니라 누군가의 삶을 살짝 엿본 것 같다. 특히나 영화 마지막 부분의 사진들... 우리 고모네에 걸려있는 빛바랜 사진액자와 똑 닮아서 놀랐다. 향이 진한 미나리를 좋아하지 않지만 언젠가 타국에서 살게 된다면...', '2021.03.03', 61, 24
1, '모든 가족의 스토리를 다 이야기하려니산만하고 감정선 처리가 너무 약함마지막 결말은 싱거워서 뭐냐 이런 드립이 저절로 나옴', '2021.03.16', 63, 27
4, '잔잔하고 감동스러웠습니다. 방학때면 외갓집에 갔었던 행복한 기억과 지금은 많이 편찮으신 외할머니가 동시에 떠올라 그립고도 눈물이 났습니다.', '2021.03.17', 48, 14
4, '하삼겹살에 미나리 구워먹는게 더 재밌겠네', '2021.03.22', 50, 16
8, '기대를 너무 했나 봅니다. 솔직히 실망하고 나왔어요.', '2021.03.04', 43, 11
1, '생각보단  전체적으로 허술한점이 많네요연기도 와닫지 않고요 서양사람한테는 감동이있었나보네요  그정도의 연기는 우리나라 조연급들이 누구나 할수있을것같네요', '2021.03.14', 49, 17
8, '관람 전에 생각했던 것과는 많이 달랐다.이민 생활의 애환이 그려졌지만 그보다는 가족 안에서 갈등과 화해가 더 비중이 컸던 영화였다.미나리는 그냥 놔두어도 저 혼자 잘 큰다누가 돌봐주지 않아도 잘 큰다그 대사가 깊은 ...', '2021.03.07', 41, 11
6, '그냥 그래요 열자이상 뭘 쓸지도 모르겠음', '2021.03.04', 52, 24
6, '플랜b가 제작했지만 독립영화에 가까워요. 외국인들이 볼 때 한국이민자 가정의 낯설지만 따뜻한 문화에 매력을 느끼고 점수를 준 듯. 한국 영화의 뛰어난 스토리텔링과 연출력 연기의 합에 익숙한 분들에겐 좀 잔잔하고 결...', '2021.03.07', 51, 24
8, '스토리 개연성이 잘 짜여졌다고 보기는 어려우나 잔잔하게 보기 좋았습니다. 윤여정 선생님 데이빗이야 뭐 많은 사람들이 귀엽다고 하니까 앤 역할한 딸도 잘했어요', '2021.04.13', 33, 7
10, '왜 많이 찾아 보는지 이해가 잘...미국인이 만든 미국 영화에 한국인이 연기함.외국인 시선으로 만든 이민자 영화.근데 한국인이 연기.. 난 그냥 답답한 느낌.', '2021.03.03', 49, 23
6, '영화는 잔잔해 보일지라도 영화가 보여주는 인생은 잔잔하지 않더라.뭐 얼마나 더 몰아쳐야 하길래 이게 잔잔해 보이는걸까.나에게는 토네이도 같은 영화였다.', '2021.03.03', 50, 24
7, '담백한 연출이 좋았어요', '2021.03.06', 47, 24
1, '그저 그래요.아이피 티비에서 보세요.', '2021.03.11', 26, 4
2, '모든 부분에서 모두 조금씩 부족하다.연기면 연기 스토리면 스토리..개연성도 떨어지는 부분들이 많고..조금 아쉽다.영화속 미나리가 담고 있는 감독이 담고자 했던 의미는 대층 알겠는데 조금 부족한 느낌이다.그래도 부...', '2021.03.14', 32, 10
6, '평점 실화임...?영화가 뭘 말하고자 하는건지 모르겠네요.', '2021.03.06', 35, 13
2, '글쎄.... 영화가 무슨 말을 하고자 하는지는 알겠으나.. 스토리에 비해 러닝 타임이 너무 길고 늘어지는데에 비해 마무리는 급하게 끝내는 느낌.. 이게 왜 높은 평가를 받는지 이해하기 힘들다', '2021.03.21', 21, 0
8, '잔잔한 감동을 줍니다. 하지만 공감이 크게 와 닿지는 않습니다', '2021.03.09', 27, 6
6, '어케 상 탔는지 모르겠어요. 뭘 이야기하는지 모르겠소 믿믿하고 아이들 연기가 너무 떨어져서 집중이 않되요', '2021.03.03', 70, 49
2, '기대에 못미침에 아쉽다고 생각했는데 아뿔사 이건 미국인의 이야기였어.정서는 미국인데 주인공은 한국사람.이도저도 아닌 어색함에 공감하지 못함.나도 한국적인 뭔가를 이 영화에서 찾고 있었어.그래서 미국도 자기나라영화 아...', '2021.03.23', 20, 0
2, '연계성부족.연기력부족.부분의 완성도', '2021.03.22', 21, 1
6, '대추나무 사랑 걸렸네 비슷함 토마토 가지에 물주다가 할매 노망나서 불타고 끝 노잼 네이버 관람객 평점 쓸려면 네이버에서 예매해야만 가능하다는데 CGV는 되지도 않음 이게 더 거지같네', '2021.03.09', 27, 7
2, '영화 자체는 소소한 독립영화. 국뽕은 다른 한 편 열등감의 다른 이름일 뿐이다. 국뽕을 빼고 다시 보자. 그러면 그냥 그저 그런 평범한 이야기와 헛점 많은 독립영화 한편이 남는다. 온 국민이 열내고 아카데미 타야한다...', '2021.03.22', 30, 10
6, '데이빗 아니었음 이영화 어쩔뻔?', '2021.03.14', 36, 16
8, '너무 지루함 .... 잠올정ㄷㅗ로', '2021.03.03', 40, 20
4, '매우 지루하네요....', '2021.03.06', 97, 77
1, '연기가 오버하지 않고 담백하면서도따뜻한 감정이 전해지는 진솔한 영화 ♡', '2021.03.20', 32, 13
6, '난세상에 태어나 진짜 재미없는 영화를 보았다. 패주고싶다 미나리 극찬한 광고성 메스컴들에게..', '2021.03.06', 45, 26
6, '..내용이 그냥 당황스러워요', '2021.03.22', 33, 15
10, '내용은 알겠는데 넘 늦고 연출력 떨어짐', '2021.03.07', 34, 16
4, '영화보고나서 남편이 투덜거렸다. 영화보는 내내 시계를 들여다보더니 역시나 나오자마자 볼멘소리다. "이게 그렇게 요란떨 만한 영화야"? 솔직히 나도 약간 지루해하며 봤지만 화가 날 정도는 아니었는데 남편...', '2021.03.10', 39, 21
2, '서사가 극적이지 않아서 어디서 어떻게 반응해야 하는지 감을 못잡는 분들도 계실 것 같습니다. 하지만 저는 있는 그대로 보여주었기 때문에 느낄 수 있던 잔잔한 감동과 여운이 있었습니다. 가족이기 때문에 쉽게 서로에게 ...', '2021.03.21', 18, 1
2, '나만 별로였나...??', '2021.05.23', 25, 8
8, '기대하고 보앗지만 역시나 아무런 감흥 없엇음', '2021.03.03', 25, 8
2, '영화가 끝나고 다들 놀라는 영화', '2021.03.22', 18, 2
8, '"데이비사" 아름답고도 향긋한 가족 이야기.', '2021.03.13', 20, 4
1, '뭘 말하려는건지? 내용도 없고 감동도 없고 그냥 전원일기 미국판 보고 온 느낌.X노잼', '2021.03.21', 29, 13
8, '감동이라기보다 모두가 느껴볼수있고 겪어봄직한 감정에 대해 일상적으로 풀어나간 느낌. 부담없이 각 배역에 감정이입해볼 수 있고 끝으로 갈수록 세 어른의 위치와 갈등 감정요소들을 느낄수 있어서 스토리 후반부로 가서 비롯...', '2021.03.15', 21, 6
4, '지루하다 지루해.. 그래서 결론이 뭐임', '2021.03.24', 24, 9
4, '뭘 말하고 싶은건지는 잘 모르겠다...', '2021.03.22', 24, 9
6, '생각보다 아쉽습니다ㅠㅠ', '2021.03.07', 26, 11
6, '기대했으나 영상미bgm연기스토리감동재미 어느것 하나 눈에 띄는 부분이 없었다. 대체 왜 평점이 높은거지- 이야기의 맥락을 모르겠고 ㅠㅠ 이영화 뭘 말하고 싶은거지?', '2021.03.20', 20, 6
8, '생각보다 재미없었습니다ㅜ정말 기대하고 아이랑 같이 갔는데...실망했습니다.', '2021.03.19', 22, 8
2, '아무런 감동도 없고 재미도 없고...', '2021.03.23', 26, 12
6, '잔잔한 감동이 있어요. 한예리의 좋은 연기가 평가받지 못한 것 같아 아쉬워요. 개인적으로 한예리 연기에 최고점을 줍니다.', '2021.03.23', 26, 12
6, '무슨 영화인지 감동도 재미도 ..ㅜㅜ', '2021.03.09', 26, 12
1, '윤여정 연기는 비중이 낮고 약하던데...재미는 그닥...끝이 좀 애매..영화볼때 삼겹살만 생각남...몰입은 그닥', '2021.03.18', 27, 13
10, '별 감동 없이  봤네요윤여정 연기 기대했는데...', '2021.03.03', 30, 16
2, '할말이없음 내용이없기때문에', '2021.03.24', 13, 0
2, '가족의 힘이 이토록 대단한것이었다는걸 느끼게 해주는 영화 였다', '2021.03.22', 13, 0
8, '', '2021.04.23', 14, 1
2, '잠만 잤어요ㅜㅜ내용도어렵고여', '2021.03.28', 14, 1
8, '영화가 끝날 때 씁씁한 기분에 휩싸이는 걸 좋아하는데 미나리가 딱이더라구요', '2021.03.04', 23, 10
2, '엄마랑 같이 26000원 내고봤는데 내용 개거지임 돈아까움', '2021.04.28', 24, 11
1, '우리나라가 이렇게까지 빠른성장을 하는데엔 다 이유가 있다..', '2021.03.03', 26, 13
10, '그냥그냥... 그냥...', '2021.03.03', 38, 25
2, '뭐가 좋은지 알 수 없는 영화', '2021.03.22', 12, 0
2, '극적반전은 없지만 짜임새 있는 스토리와 잔잔한 감동이 있네요 오랜만에 좋은영화 봤네요', '2021.03.21', 12, 0
8, '솔직히 윤여정이 이런 발 연기를 하는데 아카데이 조연상에 언급된다는게 난 정말 이해가 안된다..극중 비중있는 역도 아니고..', '2021.04.25', 14, 2
1, '기대하고 봤는디 정말 뻔한스토리  지겨워서 중간에 나왔습니다ㅠ여주인공도 어거지로 연기하는거 티나고ㅠ어거지로 웃음을 자아내려는게 어색햇고 재미없었어요', '2021.04.30', 15, 3
1, '생각보다는 별로 ㅜㅜ 흠 연기는 좋았어요', '2021.03.22', 15, 3
6, '진짜 뭘얘기하고싶은거며 방구석 평론가들때문에 너무 고평가된 영화', '2021.04.20', 16, 4
7, '연기력? 특출난거 없는 흔한 연기력...감동? 흔한 3류 영화나 드라마에도 나오는 밍밍한 감동포인트...무엇보다도 심각한건 갑작스런 결말...', '2021.03.14', 17, 5
1, '기대를 해서인지 너무 잔잔하기만 하고 끝나는 느낌..', '2021.03.12', 17, 5
4, '아주 큰 감동은 없었음 그냥 뭐지? 했는데 끝난 기분', '2021.03.21', 19, 7
2, '매씬이 아슬아슬. 어색함에 조마조마. 모국어와 자막 히어링과 리딩 사이. 평가도 감동도 이토록 왜곡된다. 소신 별점을 방해하는 수상이력의 압박까지. 내가 본 윤여정의 가장 어색한 연기.', '2021.05.30', 21, 9
10, '미국 이민자들에게 큰 감동을 줄만하지만 그외의 관객에게는 그저 잔잔한 서정적인 영상에 불과할 듯', '2021.03.03', 23, 11
10, '이민자들한테는 공감 많이 되는 내용이라던데... 딱히 공감도 안되고 그냥 저예산 영화 딱 그정도 느낌이었음', '2021.03.04', 25, 13
2, '미국은 애초에 태생적으로 “이민자”의 나라다.. 아메리칸 드림을 이뤄내고자 하는 다양한 인종의 사람들이 저마다의 사연을 가지고 그들의 장점들을 최대한 되살려 직업에 종사했고 결과적으로 세계 최강국의 원동력의 중...', '2021.03.21', 11, 0
1, '아무데서나 잘 자라는 미나리 우리는 그럼에도 구태여 삶의 뿌리를 내리려고 노력한다.', '2021.04.30', 14, 3
2, '기대를 했던 내가 바보인가.. 너무 기대 했었나.. 한국정서론 도무지 이해가 안감.. 결말도 흐지부지 되고이게 왜 해외에서 상을 휩쓸고 다니는지 이해가 솔직히 안감..그냥 연기만 잘할 뿐이지.. 감동 없었네요 전.....', '2021.04.20', 10, 0
2, '머때문에 이영화가 상받았는지 이해가안감!영화사곧 망하겟네.ㅋ', '2021.03.21', 10, 0
2, '내 감상평: 뭐... 뭐지...? 진짜 넘 재미없음... 어쩌라는 건지 내 시간 돌려내 진짜 별로임...', '2021.03.28', 11, 1
1, '너무 재미없음..시간 아까워', '2021.04.30', 12, 2
6, '일요일 휴일에 느즈막히 일어나서 봄. 푹 자고 일어나서 집앞영화관에서 보고왔는데 힘들고 피곤할 이유가 아무것도없는날인데 이영화 보고나서 피곤하고 힘들어요....지침...', '2021.03.06', 13, 3
6, '노잼 . 직설적으로말하자면 오스카국뽕끼가 많다 .', '2021.03.20', 14, 4
6, '미국인 관객을 타겟으로 만든 영화. 한국인이 보기엔 너무 뻔함', '2021.03.10', 14, 4
8, '흠  머지?ㅠ 나만이해못하는건가ㅋ', '2021.03.04', 15, 5
10, '미나리가 가지는 의미와 가족에게 주는 의미 이러한 것들이 부족해서 가족영화로써는 좋은 것 같지만 시대적 배경과 같은 배경지식을 잘 모르는 상태에서 본다면 이해가 안되는 부분이 많았다. 그리고 감독의 경험에서 나온 ...', '2021.05.22', 16, 6
8, '스포일러가 포함된 감상평입니다. 감상평 보기', '2021.03.13', 16, 6
1, '오늘 영화관가서 보고 왔어요. 잔잔한 감동을 받았습니다.한 가지 근데 의문인건 데이빗 심장검진한 뒤에 도매점에서 납품 계약하고 돌아오려는데 한예리가 따로 스티븐 연을 불러서 실망했다고 얘기하잖아요? 어떤 점 때문에 ...', '2021.03.05', 18, 8
4, '몰입감이 있었고 인물들을 다 너무 잘 그려낸 작품. 아프면서도 가족들에게 폐끼치기 싫어하고 본의아니게 불을 내고는 먹먹하게 걸어가는 모습 우리 할머니 생각도 나고 마음이 아팠어요.', '2021.03.20', 19, 9
6, '요즘 떠들썩하게 유명한 영화라 넘 기대하시면 실망하실 수도 있어요 영상미가 예쁘고 잔잔하게 감동을 주는 가족영화예요 개인적으로는 스티븐연이 맞은 배역이아버지의 젊은 날을 보는 듯한 느낌이었어요..특히 입고 나오는 옷...', '2021.03.06', 20, 10
2, '다 알바인 거 같다...', '2021.03.24', 9, 0
2, '무슨 내용인지 모르겠어요 .. 의미 감동 다 없음', '2021.03.21', 9, 0
6, '재미교포들이나 감동할 영화같음.. 스티븐연 말투가 살짝 여태까지 날 미행한고야 같아서 넘 별로엿음', '2021.05.26', 10, 1
2, '난 상추가 불면중에 도움이 되는 줄 알았는데미나리야 말로 최고의 불면증 치료제인걸 이제야 알게됐다.', '2021.03.27', 10, 1
7, '아까전에 보고 왔는데 재밌진 않아요.지루하고잔잔하고조용한 영화에요.무슨 내용인지 잘은 모르겠지만 배우 윤여정님이 나오셔서 보는 맛은 조금 솔솔했지만 재미는 없었어요', '2021.05.18', 11, 2
1, '뜬금없이 끝나서 아쉬워요', '2021.04.30', 12, 3
1, '노잼.. 기대가 너무 컸나봄', '2021.04.28', 12, 3
6, '졸려..', '2021.03.20', 12, 3
6, '하나 같이 연기자들 연기가 붕뜬 어색한...   저마다의 따로 국밥식 연기에 1점', '2021.03.03', 12, 3
1, '걍심심풀이용 재미없음', '2021.03.13', 13, 4
1, '롯데시네마 명동 관람 - 영화보다 드라마 보는 것 같은 느낌으로 봤어요.한번에 담기에는 뭔가 부족한 전개.배경도 외국 같은 느낌 거의 없고 그냥 시골 느낌만 잔잔한 감동이 있을 줄 알았는데? 보는 관점에 따라 다...', '2021.03.07', 14, 5
1, '외국인들 눈에는 영화가 신선했나보다. 나에겐 스티븐 연 한국말 많이 늘었네 정도의 감흥.', '2021.03.14', 15, 6
4, '생각보다 많이 별로였어요.  결말도 그렇고 마치 10부작 드라마중 1부만 본것같은 느낌.', '2021.03.14', 15, 6
8, '2021.03.07 (일) 2시간이 사라졌다', '2021.03.03', 15, 6
6, '영화에 재미를 빼면 그게 무슨 영화임? 고문이지ㅋㅋ', '2021.04.20', 16, 7
10, '전형적인.일벌려놓는 옛날 우리네 아빠들 이야기같아서 속이답답했네요 참다보면 좋은날이온다는게 팩트일까요', '2021.03.03', 17, 8
1, '', '2021.03.07', 19, 10
1, '외국인들의 시선과 한국인들의 시선의 확연한 차이ㅠ', '2021.03.03', 20, 11
1, '스티븐연 한국어 진짜 연습 했나보다ㅋㅋㅋㅋ 한국어 발음이 안어색해', '2021.03.03', 21, 12
10, '가슴에 손을 얹고 말해보자...이게 재미있냐?ㅋㅋㅋ 외국에서 상 하나 던져주니 아주 대단한 작품인 것처럼 생각하고 빨아대는 모습이 왤케 웃기냐', '2021.03.03', 28, 19
2, '다들 좋은 평을 내고 있는 마당에...감독과 제작진 거의 모두 한국인이 아닌데 너무 많은 매스컴에서 마치 자랑스런 한국인이 만든 한국영화인냥 은근슬쩍 작품국적을 둔갑시키고 있다는 생각을 했다. 전형적인 동양여성의 외...', '2021.03.27', 9, 1
2, '기대를 너무 많이하고 봐서 그런지 아쉬웠어요. 초반 설정 빼고는 뒤로 갈수록 너무 지루하고 감독의 메세지도 전 잘 모르겠어요 ㅠㅠ 한예리씨 팬인데도 불구하고 연기도 아쉬웠고 윤여정님은 가지고 있는 매력을 1도 못보...', '2021.03.22', 9, 1
1, '궁금해서 개봉하자 마자 봤습니다.  자연은아름답고 넓지만 미국이민 시골생활 많이 힘들었겠어요', '2021.05.02', 10, 2
1, '최악의 영화. 이런 영화가 단지 한국어 영화란 이유만으로 국제무대에 조명 받는 것이 쪽팔리며 오히려 조롱받는 기분이다. 오늘 영화관에 가서 봤는데 정말 지루하고 아무것도 아닌 이야기를 마치 대단한 스토리인 양 감독...', '2021.05.02', 10, 2
1, '개 쓰레기같은 영화언론플레이에 완전 속았음이것도 영화라고 만들었냐', '2021.05.02', 10, 2
1, '서양인들은 이걸 보면서 어떤 감동을 느낀 걸까요 미나리 즐겨먹는 김치맨은 이 영화의 가치를 전혀 모르겠네요', '2021.04.27', 10, 2
1, '개노잼 수면제 영화윤여정 연기는 잘하는데 무슨 상을 휩쓸만한 그정도는 아닌듯', '2021.03.22', 10, 2
1, '솔직히 재미도없고 감동도없고...왜 상탓는지 의문이들정도...', '2021.03.21', 10, 2
1, '데치기만 한 아무 양념도 없는 미나리 나물. 어떤 감동도 느껴지지 않았다.', '2021.03.21', 10, 2
1, '평점보고 속아서 봤는데 정말 실망했네요 감동포인트도 없고 결말도 이상하고 중간중간 똥개그 없었으면 무표정으로 끝까지 봤을듯하네요', '2021.03.07', 13, 5
1, '전 너무너무 공감이 안됐어요', '2021.03.07', 13, 5
1, '지루하고별로네용....노재무', '2021.03.07', 13, 5
1, '재미 진짜 없음 이 여섯 글자도 아까움', '2021.04.28', 14, 6
6, '무엇을 말하려는건지 그냥 평범할 남의 일상을 돈내고 보는 낭비', '2021.03.20', 14, 6
1, '한줄평 첨 써봅니다. 휴', '2021.03.11', 14, 6
1, '미나리는 미국영화이고 미국인 브래드 피트가 제작자이고 미국인이 감독인 영화다. 그 영화에 한국인 여배우가 등장을 했다. 한국인이 제작자였고 한국인이 감독이고 제작비가 20억이었다면? 작년에 심은경은 아카데미에서 주연...', '2021.03.06', 14, 6
2, '기대가 너무 컷는지  너무  기대이하입니다', '2021.03.30', 16, 8
6, '가장 큰 문제는 스티븐 연이 연기를 잘 못한다.이다.', '2021.03.06', 16, 8
2, '보는 내내 짜증난건 나만 그런가...', '2021.03.04', 16, 8
1, '무얼 연출하고싶은지 몰르겟어요결말도 어이없고..', '2021.03.23', 18, 10
9, '난해했습니다. 해석이 어려워요', '2021.03.03', 27, 19
7, '이게 왜 상을 받은건지 모르겠다. 2배속으로 보고 싶어질 정도로 한장면 한장면이 늘어지는게... 지루하다는 느낌', '2021.05.01', 7, 0
10, '...이게뭘까....되게 어색한 다큐를 보는데 별 내용도 없더라..', '2021.05.05', 8, 1
1, '모두들 연기가 넘 좋았습니다.', '2021.04.30', 8, 1
2, '저는 한예리와 꼬마 아들 연기가 인상깊었어요. 윤여정 연기는 사실 계속 봐왔던 모습이라 안정감이 있었죠. 개인적으로는 노예 12년을 보는 듯한 느낌을 받았어요.', '2021.04.26', 8, 1
1, '다 잃고도 다시 시작하는 모든사람들에게 응원의 박수를 보내고싶은 뭉클한 이야기', '2021.03.13', 8, 1
1, '', '2021.05.17', 9, 2
1, '진짜 영화가 너무 평범하다 못해... 아.. 연기력은 그냥 너무도 평범했다. 솔직히 왜 상을 받을만했는지 전혀 이해를 못하겠음. 감동도 재미도 전혀 없는 그런 영화.', '2021.04.30', 9, 2
1, '여러가지 상을 휩쓸어 호기심과 기대감으로 모처럼의 영화관 나들이를 했는데 결론 부터 말씀드리면 대실망~ 허탈합니다. 스토리 진부하고 배우들의 연기는 그저 평범 그이상 이하도 아님! 감동이나 메세지도 전혀 없는 딱 삼...', '2021.04.30', 9, 2
9, '별한개도 아까움..이게뭐람??? 내가 영화를 그렇게 마니봤어도..아휴 진짜 이걸 2시간을봤네', '2021.04.02', 9, 2
1, '영상미 음악은 좋으나일단 영화라는 건 재미 있어야 되지 않나 싶다돈 아깝다', '2021.03.24', 9, 2
1, '쌉노잼이였어요 돈아까워라', '2021.03.22', 9, 2
1, '스포일러가 포함된 감상평입니다. 감상평 보기', '2021.03.20', 9, 2
1, '한국영화 특유의 억지스러운 신파없이 아주 절제된 감정으로 너무나 잘 풀어낸 영화. 여운이 정말 진하게 남는다. 마지막 할머니의 실수가 가족에게 구원이 되었다는 것이 정말 아이러니하...', '2021.03.17', 9, 2
8, '솔직히 돈아까움', '2021.03.07', 10, 3
6, '드라마 시티 아칸소판... 코로나로 영화가 없으니..', '2021.05.02', 11, 4
1, '저 지금 봤는데요이거 무슨 ㅡㅡ 내용이 없는데요??? 주말 두명에 거의 4만원 돈 내고 봤는데아 진짜 장난하나ㅋㅋ영화광 저희 엄마가3처넌 짜리 독립영화 수준이라며ㅋㅋ뭐 다 느끼는 바가 다르겠지만정말 돈아깝네요 ㅋ...', '2021.03.21', 11, 4
1, '이게 솔직히 재밌냐? 시간아까움', '2021.03.11', 11, 4
6, '너무나 마음이 무거웠어요나의 감정이 이입 되면서 나 자신을 토닥여 줬어요.모두가 행복하길 소원해 보는 시간이었어요', '2021.03.08', 11, 4
6, '전반적인 스토리 진행이 무미건조해서 지루하네요', '2021.03.22', 12, 5
4, '돈 아깝다. 솔직하게들 후기 적어주세요. ㅠ ㅜ 국뽕에 취해서 뭐 있는듯이 하고들 있지만 솔직히 돈 아깝짆아요. ㅠ 실망스럽잖아요... ㅠ ㅜ', '2021.03.21', 12, 5
4, '스포일러가 포함된 감상평입니다. 감상평 보기', '2021.03.12', 12, 5
2, '진짜 ㅈ노잼인데 댓글알바가 양심챙겨', '2021.03.08', 12, 5
6, '재밌고 재미없어요 이민자라면 공감할 내용 하지만 전 이민자가 아니여서 그런지 잘 모르겠어요', '2021.03.03', 12, 5
9, '정서가 다른건지.. 요즘 사회에서 넘 놀라운 일들이 많이 생겨서 왠만한 정서는 안다가오는건지는 모르겠는데.. 전.. 잘 모르겠더라고요. 어떤 포인트가 감동적인지..  뭘 느껴야하는지 조차도요.', '2021.03.03', 12, 5
6, '아무것도 모르고 영화순위높은것만 보고 봤는데 뭐가 더 나올줄알고 엄청 집중해서 봤는데 그냥 그대로 끝났네요..딱 끝나면 뭐지?싶어요...연출이랑 몰입감은 좋았고 현실적이였어요 하지만 저한테는 좀 지루했어요..', '2021.04.21', 13, 6
4, '미나리 수상 이유.코x나로 개봉 영화가 없어서.', '2021.03.19', 13, 6
8, '이 영화가 개봉되기를 기다려왔다. 보고싶었고 궁금했다. 그리고 오늘 영화를 보았다. 기대를 떠나서 최소한의 영화적 감동선이 있어야 하는데 보는 내내 고개를 갸우뚱할 수밖에 없었다. 스토리도 영상미도 없었다. 그랬다는...', '2021.03.10', 13, 6
4, '미나리가 미국에서 주목 받는 이유는 코로나로 인한 아시아인 혐오와 맞물려 인종 간의 차별이 없던 시절에 대한 향수와 지지에 주목하는 타이밍이 절묘했기 때문이지 영화적 완성도가 뛰어나서는 아니다.', '2021.04.11', 15, 8
10, '내밀하고 진솔한 경험이 우리 삶의 놀라운 찬가가 되다.', '2021.03.04', 16, 9
2, '큰 기대감에는 못 미쳤다.', '2021.07.02', 6, 0
2, '갸웃뚱? 잘 모르겠어요.마지막 앤딩장면...기대에 부응하지 못한 영화...', '2021.04.28', 6, 0
2, '한국 특유의 신파가 없어서 좋았어요', '2021.04.27', 6, 0
2, '기대에 많이 못미치는...감동이 없어 아쉬운 영화입니다', '2021.04.26', 6, 0
2, '어느 곳이든지 뿌리 내리고 잘 자라는 미나리와 같은 우리들의 삶을 그린 영화. 사실적이어서 아프기도하지만 또 사실적이어서 따뜻하다. 코로나로 삶이 많이 변화 한 오늘도 우리 모두 적응하고 살아가는 것처럼 그럼에도 ...', '2021.04.26', 6, 0
2, '진짜 씹노잼이네 ㅋㅋㅋ 대여료 아까워서 2시간 다봤건만... 정말 재미가 없는 영화다. 아니 재미가 없다기 보다는 개판이라고 보는게 맞을 듯 하다. 정적이고 잔잔한 거랑 재미없는 거랑은 확실히 구분 되어야되니까. 일...', '2021.03.24', 6, 0
8, '북미에서 외래종 식물인 미나리를 저렇게 무개념하게 심어서야...한류(미나리)를 심어서 미국 토종을 작살내고 번성하자는 모티브인가', '2021.03.04', 6, 0
6, '간만에 꿀잠 잤다 이딴것 만들지마라', '2021.05.08', 7, 1
1, '이렇게 내용도 없고 잼없는 영화 첨 봄.', '2021.05.02', 7, 1
2, '별루내요 근대 머때메 날리난것만냥 온방송 마다 나오는지 대통령 연설보다 방송5체널에서 방영을 해대내요 그정도는 아닌가요 돌리는체널 마다 미나리 미나리 미나리 미나리 미나리먹고 미첫나요 외들그러는거에요 낮에 체널 돌리...', '2021.05.01', 7, 1
2, '글쎄 기생충만큼 센세이션을 일으길 정도 인가 싶다..아마 외국인의 시선이라 그런가? 배우들 연잘하는건 알겠고..이제 한국 배우를 알아보는구나 라는 생각이 든다.. 모든 가치가 백인우월주의에서 비롯된게 아닐까?  한국...', '2021.05.01', 7, 1
1, '', '2021.04.13', 7, 1
1, '온갖 막장으로 단련된 한국인에게 너무 순한맛', '2021.04.13', 7, 1
1, '영화 전부 엉망진창 이다', '2021.04.07', 7, 1
8, '아니 이게 대체 뭔 내용이여엑소시스트임 미나리 캐는 내용임', '2021.04.05', 7, 1
5, '미나리에 삼겹살이 더 맛있습니다', '2021.03.09', 7, 1
8, '감동 흥미 다 내 관점에선 아니다...보고나니 낚였다는 기분밖에 안든다...', '2021.03.08', 7, 1
8, '봉준호 감독이 보편적이고 아름답다라고 말한걸 자랑스럽게 예고편에 영상에 넣었는데 ;;; 보편적이다는게 결국은 흔하다는거 아님?', '2021.03.04', 7, 1
6, '그냥 지루하고 연기도 못해서 집중이 안됨.돈아까워요...', '2021.05.19', 8, 2
2, '음.. 이렇게 끝난다고????할때 영화끝남ㅋㅋㅋ', '2021.04.28', 8, 2
1, '감독의 자전적인 이야기를 담담하고 보편적인 정서로 풀어낸 것 외에 칭찬일색인 이유를 난 모르겠다. 권위에 취한 여론의 전형적인 반응을 낳은 길이길이 남겨둬야 할 사례의 영화 아닌가.', '2021.04.28', 8, 2
1, '삶의 무게를 견뎌내며 하루하루 힘들게 사는 이들을 응원합니다가족을 거느리고 어디선가 정착하며 살아내려는 한국사람들의 근성은 이민자들의 삶에서 가장 크게 와닿는듯 하다', '2021.04.27', 8, 2
1, '한국이 싫어 떠났지만 결국 한국과 관련된 것 (모정음식) 없이는 살아 갈 수 없는 이민자의 삶은 TCK인 제 삶에 큰 울림을 주었습니다. 데이빗 귀여워요!', '2021.04.26', 8, 2
1, '언론서 평가되는 것보다.별감동을 못받으네요.', '2021.04.13', 8, 2
4, '내 잃어버린 115분은 어디에?', '2021.03.22', 8, 2
8, '와 무슨 아카데미상 수상했다길래 네이버시리즈온으로 결제해서 봤는데 노잼도 이런 노잼이 없다 절대 돈주고 보지마세요 무료로 풀리면 보세요', '2021.03.21', 8, 2
1, '아니 대체 이게 뭐야....', '2021.03.21', 8, 2
1, '꿀잠용 영화. 평점만 높게 나오는 재미없는 자칭 평론가들 그들만의 리그', '2021.03.21', 8, 2
8, '같은 미국인이 만든 미나리는 고용창출도 안 되는 데 호평일색이고 고용창출 쿠팡은 왜 욕을 먹지? 한국인의 이중성이란 참', '2021.03.13', 8, 2
1, '평점이 왜 높은지 이해가 안되네요..보는내내 지루하고 윤여정의 연기는 그닥 잘 하는지 모르겠더군요.솔직한 객관적 생각입니다..', '2021.05.02', 9, 3
1, '폴 아저씨와 데이빗의 연기가 인상적이었다.', '2021.04.28', 9, 3
1, '개연성과 주제의식이 없음보편적인 이민1세대의 삶을 그렸다기엔 가족의 특수성이 도드라지고 한 편의 이야기라고 하기엔 개연성이 없음우연에 기반한 진행이 스토리의 주요한 부분을 차지함', '2021.04.28', 9, 3
2, '스포일러가 포함된 감상평입니다. 감상평 보기', '2021.03.15', 9, 3
10, '밋밋하고 잼없어요..산만하게 끝까지 본내가 자랑스럽네요 10점만점에 0점..', '2021.03.08', 9, 3
2, '살아남는 것에 대한 영화 많은 생각이 들었어요', '2021.03.13', 10, 4
10, '노잼 대학졸업작품걑은느낌', '2021.03.03', 10, 4
6, '평식이형 평론했음 1~2개였을건데 이상황에 글캐하면 욕먹을거 알고 평론안했네 ㅋㅋ', '2021.03.22', 11, 5
6, '개 쓰렉영화 절대 보지 말아라~돈과 시간이 아깝다..소문난 잔치에 먹을게 없다.난 왜 여우조연상 줬는지도 이해가 불가하다.', '2021.03.20', 11, 5
6, '갑자기 싸운다고? 갑자기 병 걸린다고? 갑자기 낫는다고? 갑자기 불난다고? 이렇게 끝난다고??? 미나리는 갑자기 왜나온건지 어디서나 잘자라는것 만 가지고 억지로 같다붙인.. 배우가 아깝', '2021.03.16', 11, 5
1, '한 사람의 잔잔한 추억을 공유받은 느낌', '2021.03.07', 11, 5
8, '50대여자친구셋이함께봤다.다들화가많이나서헤어졌다..너무지루하고졸려서힘들어했다.ㅠㅠ', '2021.03.06', 11, 5
1, '데이뷧 너무 커여워 ㅋㅋㅋㅋ퓌퓌~', '2021.03.09', 12, 6
1, '백인 할아버지들 재미교포 할아버지들은 많이 공감하겠지만 젊은 세대들은 그 감동이 느껴질 수 있으려는지....미국 이민문화와 세대의 벽이 너무 큰 것 같습니다.', '2021.04.28', 13, 7
8, '너무 기대해서 그런가요 soso', '2021.03.03', 13, 7
8, '기대를 넘 많이 한건지 감흥이 그닥 없네요.', '2021.03.04', 14, 8
8, '미나리 나물 광고 영화였음.그냥 뻔한 스토리를 제작비 들어  왜 만들었는지 이해안감.  스토리도 너무 어설픔.  실습생이 만든 연습용 작품큰 실망함.   연습용 영화는 무료로 해주었으면 좋겠음. 댓글 평점 알바 속지...', '2021.03.03', 14, 8
8, '한예리에 주목할 필요가 있는 영화', '2021.03.06', 15, 9
10, '엄복동보다 더 재미없는 영화이딴영화가 1위하고있는것도 웃기고 ㅋㅋㅋ마지막결말 열린결말?말 그대로 미나리맛있겠더라 엄복동보다 못한영화였다.', '2021.03.03', 17, 11
10, '히틀러의 만행에 침묵으로 동조한 독일국민들은 자신들의 과오에 대해 철저하게 반성하고 있다. 영화평론가는 자신의 평론을 통해 평론가의 가치를 인정받아야 한다. 그런데 한국의 자칭 평론가들은 흥행작에 대해 평론이 아닌 ...', '2021.03.04', 18, 12
6, '삶을 되돌아 보게 하는 잔잔한 영화입니다', '2021.04.28', 5, 0
6, '지나친 신파가 없어서 좋다감동을 기대하지 않고 삶을 받아들이듯 담담히 보면 좋은 영화', '2021.04.27', 5, 0
8, '튀지 않고 조용 하지만 삶이 녹아 있는 그런 영화였어요', '2021.04.26', 5, 0
2, '촬영감독 칭찬해.. 아주 뛰어난 연출', '2021.04.25', 5, 0
2, '최고의 수혜자는 브레드 핏 ! 감독은 소설같은 전개를 영상으로 잘 펼쳤고 문학적 베이스가 매우 탄탄하다고 누껴졌움', '2021.04.21', 5, 0
8, '친정엄마가 생각나고이민자들의고단한 삶이가슴이 먹먹합니다', '2021.03.24', 5, 0
6, '미나리보다 KBS"인간극장"이 낮다~~~', '2021.03.06', 5, 0
8, '스포일러가 포함된 감상평입니다. 감상평 보기', '2021.03.04', 5, 0
8, '미나리. 산다는 게 무엇일까. 그래도 미나리처럼 살아봐야하지 않을까. 영화제목하나는 잘 지었네https://blog.naver.com/happymoon315/222322661435', '2021.03.03', 5, 0
7, '스포일러가 포함된 감상평입니다. 감상평 보기', '2021.03.03', 5, 0
8, '영화가 매우 현실적이라 허무하다 정말로 삶을 대변한다... 나름대로의 의미를 찾아가는 가족을 응원해주고 싶다', '2021.03.03', 5, 0
1, '핵노잼. 갑자기 끝. 왜 상 받는지 모르겠음.', '2021.05.14', 6, 1
1, '아니 아무리 영알못이라해도... 뭘 얘기하려는지는 알것는데 근데 아니 진짜 이게 이렇게 난리날?? 미국감성과 달라서인가...도무지... 윤여정 연기야 항시 최고지만 여우조연주연상을? 크게 한게 있나...끝나고..멍...', '2021.05.14', 6, 1
10, '기대가 너무 컸나봐요. 생각보다 감동은 좀 덜했어요 한편의 독립영화를 본 느낌이랄까요', '2021.05.06', 6, 1
1, '뉴스에서보도될정도로상받을만한영화는아닌것같아요!...그냥일반적인시나리오에임팩트가없어요!...보통일반영화수준인듯!...', '2021.05.02', 6, 1
7, '내용이 어렵네요 하지만 기억에 남을듯', '2021.04.30', 6, 1
5, '척박한 땅에 강건한 뿌리를 내리기까지 나를 버티게 한 건 가족.', '2021.04.28', 6, 1
1, '미나리 처럼 무럭무럭 자라난 가족의 사랑', '2021.04.04', 6, 1
1, '가족애를 느끼게하는 훈훈한 영화잘봤습니다', '2021.04.01', 6, 1
2, '평점 10점씩 준 놈들 유튜브 광고 5초도 제대로 못참을 놈들이 태반일 텐데 지적허영심에 걸려서 이딴 재미도 없는 영화 잔잔하다느니 뭐니 빨아주는 거 보면 개극혐 ㅋㅋ 보다가 너무 지루해서 휴대폰으로 계속 몇 분 지...', '2021.03.22', 6, 1
1, '기대이하 어처구니없는 전개 머지? 소문난잔치에 먹을게없다 연기력도 그렇고 어이없는 끝맺음잔뜩기대하게 해놓고 ???  기대하고본다면 진짜 실망할것', '2021.03.21', 6, 1
1, '자극적이지 않고 담담해서 더 가슴을 후벼파는 영화... 주변 어딘가에서 한번쯤 들어봤을 법한 이야기라 더 그렇다', '2021.03.20', 6, 1
1, '괜히받네....감동없고 ....', '2021.03.20', 6, 1
8, '감독의 개인적이고 단편적인 기억들을 이어붙인 느낌. 감정 곡선의 고저는 아주 평탄한 편.', '2021.03.06', 6, 1
6, '재난영화', '2021.03.06', 6, 1
8, '일단 평론가들이 높게 주었다는건 안좋다는걸 의미. 그분들은 상영도중 필림끊어져 영상안나오면  감동이라며 10점주는 사이코들이다.', '2021.03.05', 6, 1
8, '영화평론가들의 장난.', '2021.03.04', 6, 1
6, '스포일러가 포함된 감상평입니다. 감상평 보기', '2021.03.03', 6, 1
7, '개인적으로 너무 지루하고 계속 다투는 모습나오구 어떤 부분이 감동인지 전혀 모르겠어요', '2021.05.24', 7, 2
1, '스크린쿼터제떄문에 영화관에서 이영화만해서 어쩔수없이본 ...;잼있는 외국영화 겁나많은데..젠장할..', '2021.05.01', 7, 2
10, '이 밋밋함과 싱거움은 뭐지...', '2021.05.01', 7, 2
6, '아 너무 지루해서 잘뻔했어요', '2021.03.29', 7, 2
6, '매우 잔잔할 거라고 한예리 배우님이 방송에서 경고하셔서 각오하고 봤어요. 그래서 그런지 생각보다는 오르락 내리락이 있는 영화였습니다. 귀여운 데이빗 덕분에 영화 내내 웃음 지으며 볼 수 있었던 것 같아요.^^', '2021.03.24', 7, 2
8, '그냥 그랬음. 서양인들 시각에서는 다르게 보이나 싶음', '2021.03.23', 7, 2
1, '잔잔한 이민사에서  알고 있는 내용이지만누구나 한번쯔 가족에서  느끼는 감정곡선과 아이의 시선으로 바라보는 어른들의 모습에  점수를 주고싶네요', '2021.03.23', 7, 2
1, '처음부터 끝까지 지루하지 않게 보았습니다몰입도 있게 보았고 잔잔한 여운이 남네요데이빗이 젤 기억에 남네요 ㅎㅎ', '2021.03.19', 7, 2
6, '기-승-승(..불날 때 잠깐 전이될뻔 했으나 금방 넘어감..)-결.', '2021.03.07', 7, 2
5, '영상미가 뛰어나고 스토리는 별 내용 없어요', '2021.03.07', 7, 2
1, '제목 미나리??? 스토리??? 영상미??? 결론??? 명절에 TV에서 특선영화 할때까지 기다리심이 좋을듯... ㅠㅠ', '2021.05.01', 8, 3
7, '30대 중반이 접어들고 보니..그냥 영화라기 보다는 삶을 보여주는 것 같았습니다.영상이랑 음악이 정말 좋았고 배우분들의 자연스런 연기와 꼬마친구들이 보는 내내 즐거움을 주었습니다..영화 끝나고 아빠랑 만약 그때 아빠...', '2021.05.01', 8, 3
8, '시대에 맞지않아 감동이 없음', '2021.04.21', 8, 3
6, '기대가 컸나봅니다 그냥 잔잔하고 약간의 감동이 있는 독립영화 느낌이었구요 데이빗의 연기가 기억에 남네요 풍광도 미국이 아닌 한국 시골 같았어요', '2021.04.01', 8, 3
6, '지루하고 좀 심심해요...엄마는 보다가 주무심ㅋㅋ', '2021.03.20', 8, 3
9, '참내.. 어이가 없어서...', '2021.03.10', 8, 3
10, '왜 계속 영상이 끊기는 듯한 느낌이 드는지 모르겠다 . 허한 이 느낌 뭐지 ... 밥을 잔뜩 먹었는데 뭘 안 먹은 듯 뱃속이 허한 느낌 .', '2021.05.02', 9, 4
10, '큰 기대를 하고 봐서 그런지 생각보다  지루했음극찬한 포인트가 무엇일까 계속 찾아봤는데 잘 모르겠음 지인에게 굳이 추천은 안할것같음', '2021.03.19', 10, 5
6, '너무 기대가 컸다. 외국에서 수상까지 했다는 홍보효과에 낚인 듯. 줄거리 구성도 어중간 가족들간의 연기도 연기조화가 되지않고 특히 한예리는 한국말 대사처리가 부정확하여 말이 뭉개지고...어떻게 이런 영화가 수상을...', '2021.03.23', 11, 6
4, '유명 영화제와 실제 관람객 사이의 괴리를 적나라하게 볼 수 있는 영화. 시간이 소중하지 않으신 분들께 추천', '2021.04.22', 12, 7
10, '잔잔하지만 특별한큰 여운이 남진 않음', '2021.07.28', 4, 0
1, '보기전에는 단순히 가족영화가 아닐까~ 하고 예상했는데 잔잔한 여운이 남는 영화..가족이라는 단위를 넘어 삶이 가지는 가장 큰 가치는 무엇일까. 어떤 지향점을 최고의 가치와 목표로 생각하고 살아야 할까. 에 대해 한...', '2021.06.27', 4, 0
1, '이민자로 비슷한 경험을 했거나 힘든 과거를 경험한 분들에게는 큰 울림을 주는 영화일수 있겠지만 저와같은 일반적인 사람들도 과연 공감하고 특별한 느낌을 받을수 있을까?좌절하고 다시 일어서는 스토리의 영화야 그동안 너무...', '2021.06.17', 4, 0
8, '제가 뭘 봤는지 아직도 파악 할 수가 없네요 ㅠㅠ', '2021.05.27', 4, 0
2, '서로 엉겨붙고서라도 꿋꿋이 자라는 미나리들', '2021.05.22', 4, 0
10, '스포일러가 포함된 감상평입니다. 감상평 보기', '2021.05.09', 4, 0
2, '남들은 공감대가 잘 형성될지 모르겠지만 저한테는 도입부에 트럭과 헤치백카로 이사가는 장면부터 울컥했네요.. 영화 스토리가 너무 저와 제 와이프 이야기를 하는것 같았고.. 아이와 장모님은 없었지만 그외적인 이야기들이 ...', '2021.05.07', 4, 0
2, '담담하고 담백하고 담대하다', '2021.05.05', 4, 0
2, '뭐지??무슨 얘기지?뭘 말하려는걸까?', '2021.05.01', 4, 0
6, '잔잔하긴 하더라...근데 경의적인 모우먼트는 없더라.글쎄..', '2021.04.30', 4, 0
2, '재밌음', '2021.04.28', 4, 0
2, '보는 내내 고구마 답답.. 결말도 답답.. 지루하고 답답함. 상 받는 영화들 공통점: 보면 재미없음', '2021.04.28', 4, 0
3, '미나리 연관성 1도 없고 ㅋㅋㅋ 왜 제목을 미나리라고 책정했는지도 의문이네요.  거기에 상 받은 그 분의 연기력도 의심드는 게 걍 한국드라마에 나오는 시어머니 그 이상이하도 아님.  대체 이 영화가 그렇게 스포트라이...', '2021.04.27', 4, 0
6, '재미있는 내용은없지만잔잔하게 스며들게되는 영화전지루하지않게 몰입해서봤어요', '2021.04.26', 4, 0
2, '모르겠어요.. 왜 어떤부분에서 윤여정이 상을빅있는지.... 진짜 상만아니면 안볼영화', '2021.04.26', 4, 0
6, '미나리....잡초같이 짓밟혀도 일어나는 한국인의 근성', '2021.04.26', 4, 0
2, '내가 본 영화 중에 최악은 아니여도 그 언저리에  가깝다. 기대가 커서 만은 아니리라. 그냥 스토리 전개가 뭐가 없다. 그냥 인생 극장 제일 무난한 편을 감흥 없이 본 느낌이다.', '2021.04.25', 4, 0
2, '넥플렉스로 본게 신의한수다 진짜...', '2021.04.25', 4, 0
2, '초중반까진 미국에 정착하는 이민자의 일대기가 매우 재밌고 흥미진진하다. 가족간의 정서 변화도 일품. 하지만 후반부에 개연성 없는 억지전개+억지 감동이 매우 짜증나게한다. 윤여정님의 수상이 캐리한 영화. 남자아이도 귀...', '2021.04.24', 4, 0
2, '스포일러가 포함된 감상평입니다. 감상평 보기', '2021.04.20', 4, 0
2, '스토리가 엉성한 영화같아요마무리가 엉망인~~ 지루그자체였어요', '2021.04.11', 4, 0
2, '상받은 영화 재밌는거 본적있냐?', '2021.04.10', 4, 0
2, '홍보가   미나리를   살린거지왜  돈주고  봤나  후회스럽네요', '2021.04.07', 4, 0
2, '왜 상받았는지 몰겟음. 걍 심심한 영화. 윤여정씨 딸로 나온분 연기가 더 좋았음', '2021.03.25', 4, 0
7, '댓글평이 안좋아서 기대안하고 봤지만 정말감동이 1도없네요', '2021.03.09', 4, 0
8, '도대체? 왜?  라는  단어만 나옵니다. 솔직히그 어떤  요소가  하나도 없군요.', '2021.03.06', 4, 0
1, '미국이 열광한 영화라 엄청 기대했는데. 음? 너무 잔잔하잖아..  사실 한국에 이정도 영화는 사실 널리지 않았나? 나쁘지 않았는데 너무 큰 기대는 하지마시라.', '2021.05.17', 5, 1
2, '장면연결이 어색하고 주제는 뚜렷하나 대본이 너무 엉성함', '2021.05.09', 5, 1
8, '그냥 다큐나 비급 영화 보는게 낫것다.', '2021.05.05', 5, 1
6, '결말이 뭐야 이게? 왜 상을 받았지? 용두사미가 따로 없네 뭘 말하고자 하는지 모르겠다. 그냥 미국에서 아시아인 단독으로 나온 영화가 없어 신기해서 줬나 어이가 없을 정도로 스토리가 형편 없다. 억지로 꾸역꾸역 넣은...', '2021.05.02', 5, 1
1, '스포일러가 포함된 감상평입니다. 감상평 보기', '2021.05.01', 5, 1
2, '최악최악 산으로가고 바다에빠지고 총체적난국', '2021.04.30', 5, 1
2, '어디까지나 전문가의 평은 거르는 것이 맞는 거 같단 생각이 듭니다~ 아역이외의 배역은 정말~ 그냥 그랬고~ 감독은 자신이 느낀 감정을 여러 사람들에게 들려 주기엔 부족 한 거 같았습니다~ 상을 위한 영화인지 ㅎㅎㅎ ...', '2021.04.29', 5, 1
6, '나는 하나도 공감이 안된다. 상 많이 받으면 니들은 찬사를 보내겠지.', '2021.04.28', 5, 1
2, '이게 왜 작품성 평가를 받노. 미국인은 코로나 걸려서 눈도 실명했노? 내가 연기해도 윤여정 빼고 나머지보다 연기 잘할 자신있다.', '2021.04.27', 5, 1
2, '진짜 지루하고 연기도 어색하고 스토리도 특별한거 모르겠네요.대실망~', '2021.04.27', 5, 1
1, '적당히 괜찮습니다. 제2의 기생충을 기대하고본다면 실망이 클거구요. 윤여정연기에 기대를 했는데 기대이하였구요. (La비평가 조연상이 좀 의아스러울정도) 남자아이가 그나마 영화를 잘살렸단? 생각들정도였네요.전체적인구성...', '2021.04.26', 5, 1
1, '친정엄마가 한국에서부터 비행기 혼자 타고 힘들게 오셨을텐데 공항으로 아니 집 앞에서 마중하는 것도 아니고 할머니가 문을 열고 안으로 들어 와 인사하는 것으로 연출한것은 좀 이해가 안됐네요. 한예리씨 얼마전 종료한 ...', '2021.04.26', 5, 1
2, '솔직히 재미없네요 비추~', '2021.04.26', 5, 1
1, '평점이 왜이리 높지????나도 감독하겠다 ㅡ.ㅡ;; 어떻게 아카데미상 탄건지 의문임', '2021.04.25', 5, 1
1, '미나리 ~~미나리 원더풀~^^패니스 브로큰   넘 재밌었어요~^^', '2021.04.25', 5, 1
1, '그냥 잔잔하다가 끝나는데 10자라니', '2021.04.12', 5, 1
1, '음.. 윤여정이 각종 영화제에서 상 받은 것은 대단하지만 그녀의 연기를 브라운관에서 자주 보는 한국인으로서 사실 이번 미나리에서의 연기가 딱히 놀랍지 않다. 윤여정은 무슨 배역을 맡아도 윤여정으로 연기하는데 이번에도...', '2021.04.05', 5, 1
4, '이게? 정말 이게!???', '2021.03.27', 5, 1
1, '상까지 받은 영화를 평하기는 뭐하지만 개인적으로 지루해서 중간에 나가려고 했다', '2021.03.24', 5, 1
1, '인간적인 일들을 잘 그려내었지만 생각보다 생각할 요소를 잘 주지않아서 기생충과 같이 기대했지만분석을 할것들이 그닥 기대했던 것보다 많지 않아아쉽고 결말에서 임팩트가 없어서 놀랐습니다', '2021.03.21', 5, 1
1, '미국놈들에겐 이런 영화가 통하지. 서편제 같은 영화는 이해도 못해서 쓰레시 취급받았지...그냥 흔한 영화. 드라마.여명의 눈동자가 천배 낫다.', '2021.05.12', 6, 2
1, '내가 뭘 본거지.. 진심 실망했다...', '2021.05.07', 6, 2
1, '미나리말고 고사리는 없냐?', '2021.05.06', 6, 2
1, '영화봤는ㄷㅔ아무생각없이 보기엔 좋은데내용이 딱히 임팩트가없음.뭐물론 그냥 스토리는 볼만함기대이하', '2021.05.06', 6, 2
1, '이게 진짜 왜? 모두들 연기도 어색하고', '2021.05.05', 6, 2
2, '스포일러가 포함된 감상평입니다. 감상평 보기', '2021.05.03', 6, 2
4, '불면증으로 고생하시는 분들께 추천드립니다', '2021.05.03', 6, 2
2, '잘 모르겠어요 미국판 전원일기 같은 느낌아래 호평 하신 내용들을 보면 훌륭한작품이다 라는 글들이 있는데 글쎄요 미국인들을 비롯해 백인들이 보기에는 장면장면 배우들 연기등 다른 영화들에서 느껴보지못한 문화적차이가 아닌...', '2021.05.02', 6, 2
2, '진짜 노잼아니 이게 정말로 재밌나요?', '2021.04.29', 6, 2
1, '뭐죠.. 이 애매모호함... 솔직히 너무 실망입니다. 기승전 잔잔하다 못해 지루함의 끝판왕! 보통 저예산 독립영화보다도 못한... 한국인 이민자인데 한국말이 너무 서툴러서 보는내내 거슬림... 제목만 미나리인 결말이...', '2021.04.27', 6, 2
1, '참~ 그냥 그렇네요좀 마음을 쫄깃하게했다 놓았다 하는곳이 한곳도 없고 그냥 밋밋 하네요', '2021.04.27', 6, 2
1, '음.. 뭔가 똥싸고 안닦은 느낌이에요.. 윤여정님이 연기로 하드캐리하셨고 스티븐 연은 한국의 아버지가 아니고 교포느낌이 너무나서 아쉬웠어요. 엔딩때는 아뭐지 끝났나? 이런느낌 ㅠ 기대를 너무 해서 봤나봐요', '2021.04.27', 6, 2
1, '기대이하 지루해 죽을 뻔 했네', '2021.04.27', 6, 2
1, '졸려요 그냥 졸려요 흐규흐규흐규', '2021.04.26', 6, 2
1, '내가 뭘 본거지.. 영화관에서 졸은 건 처음이다', '2021.04.26', 6, 2
1, '진짜 이렇게 노잼이여도 되는건가....상은 돌려먹기인가....', '2021.04.19', 6, 2
1, '제발 내 시간 돌려줘..', '2021.03.26', 6, 2
8, '절대.보지.마세요. 우~~~', '2021.03.24', 6, 2
3, '진짜 ㅋㅋ국뽕 빼고보면 평점 2점준다', '2021.03.22', 6, 2
1, '솔직히 여우조연상급 연기인지 이해가 안됨.', '2021.03.21', 6, 2
1, '이런 연기로 조연상? 아쉬운데', '2021.03.20', 6, 2
1, '재미 없는데요....', '2021.03.17', 6, 2
8, '완전 노잼 재미없음.ㅋㅋ', '2021.03.04', 6, 2
1, '다큐임? 내 귀중한 시간을 냠냠해버린 올해의 영화로 기억될듯', '2021.05.09', 7, 3
1, '어제 저녁 가족이랑 보고왔는데 솔직히 그저그렇다고 느껴지네요..ㅠㅠ', '2021.05.08', 7, 3
1, '기대하고 봤는데 대사 하나하나 어색하고 내용도 그닥', '2021.05.04', 7, 3
8, '평점이 높아서 낮춘다. 지루하고 공감도 별로안됨. 특히 이영화에서 윤여정의 연기가 뛰어난부분이 없는데 차라리 스티븐연이나 한예리를 상주던지 ㅋㅋ 미스테리다', '2021.05.02', 7, 3
2, '도대채 이게 뭔 내용이고 아 잼이드럽게없네이게 영화냐', '2021.04.28', 7, 3
6, '너무 재미없다. 감동? 연기력? 뭐가????', '2021.03.20', 7, 3
6, '일보고 밑안닦고 나온 듯한 결말. 연기도 그닥... 내가 뭘 본거지?', '2021.03.20', 7, 3
10, '배우의 연기력은 돋보이나 탄탄한 전개는 아닌 듯! 외국인의 입장에서는 어쩔지 모르나 한국인의 입장에서는 큰 감동을 주는 영화는 아닌 듯! 그러나 축하할 일!', '2021.03.15', 7, 3
8, '터무니없는 국뽕에 빠져서 허우적거리지 말자', '2021.03.07', 7, 3
8, '하.. 기대가 컸다 정말..', '2021.03.03', 7, 3
8, '이 영화의 진 교훈 : 앞으로 모든 예술작품은(문학영화 음악 미술 등) 서구인의 시각에서 아직 나오지 않은 테마를 선정해야 히트한다. 서구인에겐 아직 생소했으니 마치 프랑스 예술영화처럼 잔잔한 울림이 있었겠지....', '2021.03.03', 7, 3
1, '이영화는 미국인들만 좋아하는것 같어요. 뭔 작품성은 ㅜ이것도 영화라고 ㅜ', '2021.04.26', 8, 4
8, '미국이 배경이지만 한국정서가 많이 느껴졌어요~ 아역배우들도 연기 잘하고 귀여워요 ^^ 영화보는 내내 긴장하지않아도 되고 뭔가 편안한 느낌이 들어 좋았어요~ 그런데 끝 마무리가 ;;; 잉?! 으로 끝나서 별 하나 뺐어...', '2021.04.23', 8, 4
1, '이 영화는 이민자 스토리 다룬 프리미엄이 매우 존나 크다. 쓰뢔기 수준의 대사분량과 스토리 소문난 잔치에 상차림도 안된 수준', '2021.03.08', 8, 4
1, '외국에서 상받았다고 평점이 높아야되는것은 아니다. 아무리 힘들고 모든게 불이타도 미나리처럼 우리는 살아간다? 이건뭐 개연성도 없고 감동도 없고. 영상미는 좋드라~~', '2021.03.07', 8, 4
1, '내돈내고 본 2021 최악... ㅡㅡ', '2021.03.07', 8, 4
1, '영상미는 좋우나 기대 이하였습니다', '2021.03.06', 8, 4
1, '유명해서 유명한 영화. 이제 제발 무슨상 수상 이런거에 난리 좀 그만 쳤으면..', '2021.03.06', 8, 4
9, '그냥그랬고.... 보고나니 답답하네요', '2021.03.08', 9, 5
1, '생각보다밋밋한스토리...', '2021.03.08', 9, 5
1, '손자가 할머니를 마음으로 받아들여가는 과정은 당연하고 진부하여도 감동적이었습니다.한국적 또 미국적 가치관 / 종교 또 비종교인의 가치관 / 가족의 유대 또는 개인의 성취 등 여러 가치관이 어지럽게 혼재하는 어려움 그...', '2021.03.07', 9, 5
9, '전 배우들의 연기와 영상미가 아름다웠던듯... 그러나 스토리가 잔잔하고 인물간의 갈등이 그 안에 깔려있는 사랑이 보여서인지 결말을 짐작할수 있는 가족영화같아보여서인지... 크다고 느껴지지 않았어요. 그러나 모든 ...', '2021.03.07', 9, 5
6, '', '2021.03.05', 9, 5
1, '', '2021.03.05', 11, 7
1, '확실히 오스카는 재미보다는 뭔가모를 어떤 특이점에 대해 평을 내리는거 같다. 사실 우리나라가 아무리 가부장적이라 해도 저런식으로 마치 일본풍으로 가부장적이진 않았다. 그림은 한국이민가족 이야기인데. 보면 뭔가모를 일...', '2021.03.04', 11, 7
7, '잔잔한 울림 신파가 아닌 담백한 연출이 좋았다.', '2021.03.03', 12, 8
10, '감독 뭘말하고 싶은거냐?', '2021.03.04', 29, 25
7, '개인적으로는 재미없었네요...', '2021.07.06', 3, 0
3, '코엑스 메가박스에서 보는데 옆자리에 앉은 아줌마 두명이 마스크 벗고 전혀 웃기지 않은 장면에서 계속 깔깔거리며 웃는데 주먹으로 코를 갈기고 싶었다', '2021.06.28', 3, 0
2, '큰상받은 영화라고 해서 많이 기대하고 봤었어요... ....코로나시작하고 영화관에 처음 가본거였는데.........', '2021.06.25', 3, 0
6, '이정도 스토리 가지고 영화 찍은 강심장 보소. 배우의 표정 이걸로 영화 만든게 다다.', '2021.05.23', 3, 0
9, '공감능력을 가진 관객이라면 가슴먹먹함에 엔딩 크레딧 에 쉽게 일어나지 못할거 같아요.한예리의 연기도 훌륭하고특히 윤여정님의 눈빛이 잊혀지지가 않습니다....연출면에서 감정선을 매끄럽게 이어나가고 있다는 느낌이 들지않...', '2021.05.19', 3, 0
2, '평점이 높은 이유를 모르겠어요...', '2021.05.09', 3, 0
2, '넘버원! 1점 드립니다^^', '2021.05.06', 3, 0
6, '새 시대의 미국 영화. 어디에도 속하지 않는 이들은 소속감을 스스로 만들어내야 한다. 이민자들을 위한 영화이기 때문에 우리는 크게 감동하지 못할 수도 있다. 하지만 분명 좋은 영화.', '2021.05.05', 3, 0
8, '힘들었던 우리집 이야기', '2021.05.03', 3, 0
2, '무슨 감동? 어디서 ? 상 받았다고 요란을 떠는 영화는하나같이 전혀 아니올시다가 정답인게알바들이 올린 평점보고 혹해서 가질 마시길.', '2021.05.01', 3, 0
4, '상대적이다...뭐가 서구문화에 호기심을 자극했는가...역시 윤선생은 또 그연기....', '2021.05.01', 3, 0
6, '진부할 수 있는 스토리가 담담하게 채색되어 신선함으로 다가왔다', '2021.05.01', 3, 0
6, '큰메세지가있네요~ 우리사는 이야기같습니다..', '2021.05.01', 3, 0
4, '스포일러가 포함된 감상평입니다. 감상평 보기', '2021.04.30', 3, 0
7, '미나리농사로 아메리칸드림에 성공하는 스토리를 기다렸지만 현실은 그렇지가 않아서 쓰리고 처절했다ㅠ', '2021.04.30', 3, 0
2, '영화를  너무 기대해서 그런지 ...기생충은 상 받은게  어느정도 이해가 가는데미나리는 그냥 시대적으로 얻어걸린듯하다   kbs인간극장이 더 몰입도가있다ㅠㅠ', '2021.04.29', 3, 0
4, '이거 뭐 어쩌라는 건지. 영화관에서 안 봤길 달행이지.', '2021.04.28', 3, 0
2, '할리우드 자본 영화가 아니었다면 브래드피트가 제작에 참여하지 않았다면 비서구권 연기인에 대한 의도적인 집중 현상이 없었다면... 이 영화가 이렇게까지 주목 받았을까? 과연 작품 그 자체만으로 이렇게 주목 받을만한...', '2021.04.28', 3, 0
8, '스포일러가 포함된 감상평입니다. 감상평 보기', '2021.04.28', 3, 0
4, '생각보다 별 건 없다고 느꼈다. 다만 영화 중간중간에 나오는 미국 아저씨의 말들은 위로로 다가왔다. "괜찮다." "모든 것이 잘 될거야" . 막상 힘들고 앞길이 보이지 않을 때는 옆에서 ...', '2021.04.28', 3, 0
2, '10점줘야 한국인인데 이영화는 어찌보는거죠?어디서  전세계를 뒤흔든거죠ㅜㅜ공부기필요하네요ㅜㅜ', '2021.04.28', 3, 0
6, '스포일러가 포함된 감상평입니다. 감상평 보기', '2021.04.27', 3, 0
2, '왜? 뭘? 심사위원이 수상하다. 아카데미 수준 이하란걸 알게되었다.', '2021.04.27', 3, 0
6, '생뚱맞은 결말? 이라해야하나? 후반부 개연성이 떨어진다고 해야할까? 마무리없이 그냥 똥싸다 끊은 느낌ㅡㅡ', '2021.04.27', 3, 0
4, '잔잔하지만 깊은울림이있었어요.', '2021.04.27', 3, 0
6, '내가 문제있는걸까 내가 명작을 못 알아보는 사람인가 싶었던 영화....도대체 어떤 걸 표현하고 싶었던건지..', '2021.04.27', 3, 0
6, '기대이상 봤는데  딱히  감동을  못 느꼈네요', '2021.04.26', 3, 0
4, '음...스토리가 생각보다는 그저 그랬습니다', '2021.04.26', 3, 0
4, '농장일꾼 아저씨말고 연기 잘한 배우가 없어보이는데...', '2021.04.26', 3, 0
4, '맏딸 애니가 너무 불쌍해', '2021.04.26', 3, 0
4, 'PC주의에 물든 헐리우드가 상을 그냥 주었네', '2021.04.26', 3, 0
2, '스포일러가 포함된 감상평입니다. 감상평 보기', '2021.04.25', 3, 0
2, '와 시간 아깝다ㅎ 이건아니지..', '2021.04.24', 3, 0
2, '과대평가된 영화. 연출 각본 연기 모두 아쉬운 부분이 많았다.', '2021.04.24', 3, 0
4, '미나리밭이  너무 부실...ㅋ', '2021.04.24', 3, 0
2, '그냥 한국인이 연기한 미국 영화', '2021.04.24', 3, 0
6, '연기는 연기지만 흐름이 어긋나는듯한 스토리?중간마다 포인트 는있지만 흐지부지 한거같아요', '2021.04.24', 3, 0
8, '흐미....ㅔ.이이이내..시...ㅇ...ㅣ...간...', '2021.04.16', 3, 0
4, '전반적으로 우울했다.', '2021.04.13', 3, 0
2, '일단 너무 재미없음 ㅋㅋㅋ', '2021.04.12', 3, 0
7, '영화는 별로.지루해서 졸았어요..', '2021.03.31', 3, 0
8, '영화관에서 안보길 잘했다', '2021.03.29', 3, 0
2, '스포일러가 포함된 감상평입니다. 감상평 보기', '2021.03.21', 3, 0
2, '윤여정 연기가 아카데미상을 줄만한건지 난 잘 모르겠다. 더 모르겠는건 십자가멘 미국 아저씨하고 결말에 왜 불난건지...미쿡인 취향인가?', '2021.03.20', 3, 0
1, '스포일러가 포함된 감상평입니다. 감상평 보기', '2021.03.20', 3, 0
1, '아오드럽게재미없는거 다봤네', '2021.03.20', 3, 0
10, '대체 어떻게 봐야 재밌는지 어디서 감동을 받아야할지 모르겠다', '2021.03.15', 3, 0
8, '수상 소식에 궁금해서 봤는데..연기도 스토리도 별로 감흥이 없네요.', '2021.03.13', 3, 0
8, '이민자 삶을 공감할수 없었고 그들의 아픔을 공감하기 부족했다 또한 윤여정이 보여준 연기가 수상에 버금가는지도 모르겠고 스토리 또한 잔잔해서 박진감과 스릴 넘치는 팬들에겐 아쉬움이 남겠다', '2021.03.13', 3, 0
8, '잔잔하기만하고 큰 내용 없었음..', '2021.03.10', 3, 0
6, '그냥..잔잔하고 외국과 관점차이가 심하다는걸 느꼈습니다...', '2021.03.04', 3, 0
8, '하도 언론에서 미나리에 대한 평을지나칠 정도로 관심을 보이고우리 배우가 미국에서 상후보자라해서 매스컴에서 하도 광고를 해서집에서 보게되었다.여태 한국 영화들이 보여줬던감동에 비해 크게 감동이나 좋은 영화인지 저한...', '2021.03.03', 3, 0
8, '이 영화는 이민자의 삶을 그린 미국영화라 느껴지네요. 공감도 안되고 발음도 잘 안들려서 한국판도 자막이 있었으면 할 정도였어요. 배경 세대를 떠나서 너무 일부의 이야기입니다. 오히려 동양인 미국 이민자들의 공감이 ...', '2021.03.03', 3, 0
8, '데이빗의 병이 할머니한테 옮아간걸 그린 영환가?미나리는 아무데서나 잘자라니 이사터를 잘잡았다는건가?대체 뭔내용인지..그리고 엔딩....영화관에서 실수로 내용 잘라먹은줄...', '2021.03.03', 3, 0
7, '솔직히 너무 이슈가 많이된영화 재미없다', '2021.03.03', 3, 0
10, '기대를 많이 하고 봤는데요.재미 없고 무슨 내용인지 모르겠네요', '2021.05.05', 4, 1
2, '예전부터 느낀건데 윤여정은 연기별로 마더에 김혜자연기보면 소름돋는다 한혜리연기도 힘좀 빼고하지', '2021.05.03', 4, 1
